1,Ruprecht Desantis,Mysore
2,Marillin Bragginton,Bangalore
3,Shirlee Dur,Bangalore
4,Angie Gendricke,Mysore
5,Gay Kemsley,Bangalore
6,Johnette Deely,Hassan
7,Virginie Asker,Mysore
8,Garrard Ferrer,Tumkur
9,Gerti Lippatt,Bangalore
10,Artie Pulman,Bangalore
11,Karee Montez,Mysore
12,Sharia Lambshine,Mysore
13,Clementius Kevane,Mysore
14,Alyce Carles,Tumkur
15,Gloriana Antuoni,Tumkur
16,Mellisa Lansly,Hassan
17,Frederica Wilkerson,Mysore
18,Eleonora McOnie,Hassan
19,Chick Turfes,Bangalore
20,Lizbeth Sleep,Mysore
21,Salli Bahl,Tumkur
22,Edin Ivons,Hassan
23,Yank Hindge,Mysore
24,Fax Aldren,Tumkur
25,Rudolf Daniel,Bangalore
26,Ashton Ausiello,Mysore
27,Dianemarie Dedden,Bangalore
28,Liuka Blenkharn,Mysore
29,Henrietta Kahler,Bangalore
30,Pail Croyden,Mysore
31,Mathias Escalera,Mysore
32,Ax di Rocca,Tumkur
33,Pincas Penelli,Mysore
34,Lionel Huett,Mysore
35,Giusto Bontine,Tumkur
36,Robbie Ineson,Tumkur
37,Shellysheldon Thunder,Mysore
38,Lawrence McNeil,Mysore
39,Corrie Labden,Bangalore
40,Ewen Duddy,Bangalore
41,Jaime Tuminelli,Hassan
42,Claude Bawme,Mysore
43,Carny Cankett,Mysore
44,Noe Vasyukhichev,Bangalore
45,Leelah Ramsbotham,Bangalore
46,Elga Bedinn,Mysore
47,Rodolphe O'Neal,Hassan
48,Serena Gilmartin,Tumkur
49,Rhiamon Dunster,Hassan
50,Camey Campelli,Hassan
51,Lucretia Boles,Hassan
52,Chancey Moquin,Bangalore
53,Brig McGirr,Tumkur
54,Ronica Hartin,Hassan
55,Svend Conaghan,Tumkur
56,Vannie Polack,Mysore
57,Clarisse Evreux,Tumkur
58,Jayson Muzzollo,Mysore
59,Brod Pedri,Bangalore
60,Cathlene Van Hesteren,Bangalore
61,Aluin Gather,Bangalore
62,Bondy Dealtry,Hassan
63,Arnie Dyott,Mysore
64,Edd Guys,Bangalore
65,Brose Brigge,Mysore
66,Andria Lofts,Bangalore
67,Shela Dantesia,Mysore
68,Emmott Roxburch,Tumkur
69,Kellina Lambregts,Mysore
70,Rici Durrell,Mysore
71,Winifield Rahlof,Bangalore
72,Nicolle Farquharson,Hassan
73,Kylie Moyce,Tumkur
74,Myrta Hourstan,Hassan
75,Claudian Hawtin,Hassan
76,Falkner Paintain,Mysore
77,Mariam Borne,Tumkur
78,Jaime Saundercock,Bangalore
79,Gamaliel Giannotti,Tumkur
80,Dyana Drews,Hassan
81,Carie Ackers,Tumkur
82,Zonnya Goulbourn,Hassan
83,Codi Rawlins,Hassan
84,Sharl Bettis,Tumkur
85,Grace Dummett,Tumkur
86,Aloise Luckhurst,Mysore
87,Towny Tittletross,Tumkur
88,Debbie Mackie,Hassan
89,Standford Varnam,Hassan
90,Andrei Omrod,Bangalore
91,Ruthie Hugle,Mysore
92,Charisse Asch,Mysore
93,Grazia Arblaster,Tumkur
94,Marline Briand,Hassan
95,Goddart Cousen,Hassan
96,Frederik Filippo,Bangalore
97,Maighdiln Drummond,Bangalore
98,Lawrence Gunther,Hassan
99,Davida Bartalot,Mysore
100,Sibelle Crabtree,Tumkur
101,Phaniraj,Bangalore
